timestamp,mode,round_id,service_name,hostname,url,tags,probe_type,success,latency_ms,latency_p95_ms,jitter_ms,packet_loss_pct,status_code,error_kind,error_message,details,hour,throughput_mbps,score,tier
2025-12-19 17:50:39.027955+03:00,baseline,2025-12-19T14:50:39.004417+00:00,gateway,127.0.1.1,http://127.0.1.1/,"gateway,wifi_path,baseline",ping,1,4.622052599552262,4.158701999585901,2.065115500045067,0.0,,ok,,samples=9.35;3.32;4.16;3.53;2.76,17,,95.8003982040293,good
2025-12-19 17:50:39.033238+03:00,baseline,2025-12-19T14:50:39.004417+00:00,gateway,127.0.1.1,http://127.0.1.1/,"gateway,wifi_path,baseline",http,0,4.495901999689522,,,,,http_connection_error,"HTTPConnectionPool(host='127.0.1.1', port=80): Max retries exceeded with url: / (Caused by NewConnectionError(""HTTPConnection(host='127.0.1.1', port=80): Failed to establish a new connection: [Errno 111] Connection refused""))",,17,,0.0,bad
2025-12-19 17:50:39.326564+03:00,baseline,2025-12-19T14:50:39.004417+00:00,google,www.google.com,https://www.google.com/generate_204,"baseline,public_web",ping,1,58.62606300015614,65.00967699957982,8.173493250069441,0.0,,ok,,samples=75.12;65.01;47.57;52.71;52.72,17,,75.96178291792492,ok
2025-12-19 17:50:39.333106+03:00,baseline,2025-12-19T14:50:39.004417+00:00,google,www.google.com,https://www.google.com/generate_204,"baseline,public_web",dns,1,6.430324000575638,,,,,ok,,ip=142.250.187.164,17,,87.93199274373805,good
2025-12-19 17:50:39.563724+03:00,baseline,2025-12-19T14:50:39.004417+00:00,google,www.google.com,https://www.google.com/generate_204,"baseline,public_web",http,1,229.4049570000425,,,,204.0,ok,,status_class=2xx;bytes=0;redirects=0,17,,46.548137677183774,bad
2025-12-19 17:50:39.731111+03:00,baseline,2025-12-19T14:50:39.004417+00:00,cloudflare,1.1.1.1,https://1.1.1.1/,"baseline,public_dns",ping,1,33.44916319983895,36.760392999894975,6.649178749967177,0.0,,ok,,samples=38.89;35.52;29.75;36.76;26.32,17,,83.04428300936902,good
2025-12-19 17:50:40.127089+03:00,baseline,2025-12-19T14:50:39.004417+00:00,cloudflare,1.1.1.1,https://1.1.1.1/,"baseline,public_dns",http,1,393.2487849997415,,,,200.0,ok,,status_class=2xx;bytes=56614;redirects=1,17,,26.959639186260866,bad
2025-12-19 17:50:40.395697+03:00,baseline,2025-12-19T14:50:39.004417+00:00,bocconi_www,www.unibocconi.it,https://www.unibocconi.it/en/,"bocconi,university",ping,1,89.48931833371414,48.109686999850965,73.66606699997647,0.0,,ok,,samples=183.85;48.11;36.51,17,,50.91340339798543,ok
2025-12-19 17:50:40.402802+03:00,baseline,2025-12-19T14:50:39.004417+00:00,bocconi_www,www.unibocconi.it,https://www.unibocconi.it/en/,"bocconi,university",dns,1,7.00654000047507,,,,,ok,,ip=108.157.52.110,17,,86.92445307698009,good
2025-12-19 17:50:40.906568+03:00,baseline,2025-12-19T14:50:39.004417+00:00,bocconi_www,www.unibocconi.it,https://www.unibocconi.it/en/,"bocconi,university",http,1,502.312603000064,,,,200.0,ok,,status_class=2xx;bytes=227214;redirects=1,17,,18.74252193360085,bad
2025-12-19 17:50:41.192013+03:00,baseline,2025-12-19T14:50:39.004417+00:00,zoom,zoom.us,https://zoom.us/,video_call,ping,1,95.10495333355114,80.15623800019966,28.13402599986148,0.0,,ok,,samples=130.71;80.16;74.45,17,,56.53423291541498,ok
2025-12-19 17:50:41.198790+03:00,baseline,2025-12-19T14:50:39.004417+00:00,zoom,zoom.us,https://zoom.us/,video_call,dns,1,6.665760000032606,,,,,ok,,ip=170.114.52.2,17,,87.51891889957825,good
2025-12-19 17:50:41.998206+03:00,baseline,2025-12-19T14:50:39.004417+00:00,zoom,zoom.us,https://zoom.us/,video_call,http,1,796.9182110000474,,,,200.0,ok,,status_class=2xx;bytes=473628;redirects=1,17,,7.020090778197437,bad
2025-12-19 17:50:42.184937+03:00,baseline,2025-12-19T14:50:39.004417+00:00,teams,teams.microsoft.com,https://teams.microsoft.com/,video_call,ping,1,62.20139700023234,49.992908000604075,22.44808550040034,0.0,,ok,,samples=90.75;49.99;45.86,17,,65.06386979972856,ok
2025-12-19 17:50:42.193915+03:00,baseline,2025-12-19T14:50:39.004417+00:00,teams,teams.microsoft.com,https://teams.microsoft.com/,video_call,dns,1,8.901350000087405,,,,,ok,,ip=52.123.128.14,17,,83.69198263469336,good
2025-12-19 17:50:42.802681+03:00,baseline,2025-12-19T14:50:39.004417+00:00,teams,teams.microsoft.com,https://teams.microsoft.com/,video_call,http,1,608.6817389996213,,,,200.0,ok,,status_class=2xx;bytes=231138;redirects=3,17,,13.147492499458455,bad
2025-12-19 17:50:42.961037+03:00,baseline,2025-12-19T14:50:39.004417+00:00,meet,meet.google.com,https://meet.google.com/,video_call,ping,1,52.740299999944305,43.64811499999632,17.409703499652096,0.0,,ok,,samples=74.70;43.65;39.88,17,,69.81360478083627,ok
2025-12-19 17:50:42.967486+03:00,baseline,2025-12-19T14:50:39.004417+00:00,meet,meet.google.com,https://meet.google.com/,video_call,dns,1,6.347747000290838,,,,,ok,,ip=172.217.17.142,17,,88.07733593454567,good
2025-12-19 17:50:43.231580+03:00,baseline,2025-12-19T14:50:39.004417+00:00,meet,meet.google.com,https://meet.google.com/,video_call,http,1,262.80473200040433,,,,200.0,ok,,status_class=2xx;bytes=4157;redirects=0,17,,41.64387973400506,bad
2025-12-19 17:50:43.393635+03:00,baseline,2025-12-19T14:50:39.004417+00:00,youtube,www.youtube.com,https://www.youtube.com/,"streaming,video",ping,1,53.97738466641992,50.49831099950097,5.4964174996712245,0.0,,ok,,samples=61.21;50.50;50.22,17,,79.7818658929002,ok
2025-12-19 17:50:43.401523+03:00,baseline,2025-12-19T14:50:39.004417+00:00,youtube,www.youtube.com,https://www.youtube.com/,"streaming,video",dns,1,7.793181000124605,,,,,ok,,ip=142.250.187.110,17,,85.5675879488119,good
2025-12-19 17:50:46.236800+03:00,baseline,2025-12-19T14:50:39.004417+00:00,youtube,www.youtube.com,https://www.youtube.com/,"streaming,video",http,1,449.54283200058853,,,,200.0,ok,,status_class=2xx;bytes=688581;redirects=0,17,,22.347044592526853,bad
2025-12-19 17:50:46.273099+03:00,baseline,2025-12-19T14:50:39.004417+00:00,netflix,www.netflix.com,https://www.netflix.com/,"streaming,video",dns,1,36.196495000694995,,,,,ok,,ip=54.155.178.5,17,,48.48431220722276,bad
2025-12-19 17:50:47.506839+03:00,baseline,2025-12-19T14:50:39.004417+00:00,netflix,www.netflix.com,https://www.netflix.com/,"streaming,video",http,1,1232.019652999952,,,,200.0,ok,,status_class=2xx;bytes=3070290;redirects=1,17,,1.6461479936845376,bad
2025-12-19 17:50:47.747263+03:00,baseline,2025-12-19T14:50:39.004417+00:00,spotify,open.spotify.com,https://open.spotify.com/,"streaming,audio",ping,1,80.09636833321565,90.0603569998566,16.13738000014564,0.0,,ok,,samples=91.25;90.06;58.98,17,,65.23743545235074,ok
2025-12-19 17:50:47.755131+03:00,baseline,2025-12-19T14:50:39.004417+00:00,spotify,open.spotify.com,https://open.spotify.com/,"streaming,audio",dns,1,7.750508000754053,,,,,ok,,ip=146.75.3.42,17,,85.64064763366966,good
2025-12-19 17:50:48.051104+03:00,baseline,2025-12-19T14:50:39.004417+00:00,spotify,open.spotify.com,https://open.spotify.com/,"streaming,audio",http,1,294.4010410001283,,,,200.0,ok,,status_class=2xx;bytes=160727;redirects=0,17,,37.48097169224405,bad
2025-12-19 17:50:48.317918+03:00,baseline,2025-12-19T14:50:39.004417+00:00,github,github.com,https://github.com/,dev,ping,1,88.89666700027495,79.66107599986572,19.93229350000547,0.0,,ok,,samples=113.45;79.66;73.58,17,,61.337358209346796,ok
2025-12-19 17:50:48.324143+03:00,baseline,2025-12-19T14:50:39.004417+00:00,github,github.com,https://github.com/,dev,dns,1,6.127609000031953,,,,,ok,,ip=140.82.121.4,17,,88.46597421931949,good
2025-12-19 17:50:48.719706+03:00,baseline,2025-12-19T14:50:39.004417+00:00,github,github.com,https://github.com/,dev,http,1,394.0994220001812,,,,200.0,ok,,status_class=2xx;bytes=562392;redirects=0,17,,26.883304570450445,bad
2025-12-19 17:50:48.925869+03:00,baseline,2025-12-19T14:50:39.004417+00:00,stack_overflow,stackoverflow.com,https://stackoverflow.com/,dev,ping,1,68.67085200034732,48.171027000535105,34.3255544994463,0.0,,ok,,samples=112.05;45.79;48.17,17,,59.40829498318632,ok
2025-12-19 17:50:48.932132+03:00,baseline,2025-12-19T14:50:39.004417+00:00,stack_overflow,stackoverflow.com,https://stackoverflow.com/,dev,dns,1,6.0881150002387585,,,,,ok,,ip=198.252.206.1,17,,88.53587932735863,good
2025-12-19 17:50:49.866835+03:00,baseline,2025-12-19T14:50:39.004417+00:00,stack_overflow,stackoverflow.com,https://stackoverflow.com/,dev,http,1,933.297171999584,,,,200.0,ok,,status_class=2xx;bytes=420333;redirects=1,17,,4.455679669813259,bad
2025-12-19 17:50:50.037567+03:00,baseline,2025-12-19T14:50:39.004417+00:00,x_com,x.com,https://x.com/,"social,flaky_candidate",ping,1,56.871691333071794,55.63400299979549,4.4002115000694175,0.0,,ok,,samples=61.89;55.63;53.09,17,,80.46263657730887,good
2025-12-19 17:50:50.043495+03:00,baseline,2025-12-19T14:50:39.004417+00:00,x_com,x.com,https://x.com/,"social,flaky_candidate",dns,1,5.825659999572963,,,,,ok,,ip=162.159.140.229,17,,89.00183486645379,good
2025-12-19 17:50:50.536023+03:00,baseline,2025-12-19T14:50:39.004417+00:00,x_com,x.com,https://x.com/,"social,flaky_candidate",http,1,491.1075010004424,,,,200.0,ok,,status_class=2xx;bytes=228716;redirects=0,17,,19.455799154210194,bad
2025-12-19 17:50:50.681150+03:00,baseline,2025-12-19T14:50:39.004417+00:00,discord,discord.com,https://discord.com/,"social,region_sensitive,firewall_test",ping,1,48.20668699994712,37.785241000165115,15.834999000162496,0.0,,ok,,samples=69.25;37.79;37.58,17,,71.8113828942397,ok
2025-12-19 17:50:50.686847+03:00,baseline,2025-12-19T14:50:39.004417+00:00,discord,discord.com,https://discord.com/,"social,region_sensitive,firewall_test",dns,1,5.612406999716768,,,,,ok,,ip=162.159.128.233,17,,89.38224368857868,good
2025-12-19 17:50:50.786867+03:00,baseline,2025-12-19T14:50:39.004417+00:00,discord,discord.com,https://discord.com/,"social,region_sensitive,firewall_test",http,0,99.93116399982682,,,,,http_connection_reset,"('Connection aborted.', ConnectionResetError(104, 'Connection reset by peer'))",,17,,0.0,bad
2025-12-19 17:50:50.912556+03:00,baseline,2025-12-19T14:50:39.004417+00:00,instagram,www.instagram.com,https://www.instagram.com/,social,ping,1,41.85112833298869,33.036114999958954,13.406238999777996,0.0,,ok,,samples=59.66;33.04;32.85,17,,74.96180022080891,ok
2025-12-19 17:50:50.918793+03:00,baseline,2025-12-19T14:50:39.004417+00:00,instagram,www.instagram.com,https://www.instagram.com/,social,dns,1,6.153160000394564,,,,,ok,,ip=57.144.126.34,17,,88.4207778856313,good
2025-12-19 17:50:51.434312+03:00,baseline,2025-12-19T14:50:39.004417+00:00,instagram,www.instagram.com,https://www.instagram.com/,social,http,1,513.9893529994879,,,,200.0,ok,,status_class=2xx;bytes=772296;redirects=0,17,,18.02703080161766,bad
2025-12-19 17:50:51.621997+03:00,baseline,2025-12-19T14:50:39.004417+00:00,tiktok,www.tiktok.com,https://www.tiktok.com/,"social,region_sensitive",ping,1,62.52008166666201,46.464428000035696,28.676002500105824,0.0,,ok,,samples=99.22;46.46;41.87,17,,62.38685680292569,ok
2025-12-19 17:50:51.629616+03:00,baseline,2025-12-19T14:50:39.004417+00:00,tiktok,www.tiktok.com,https://www.tiktok.com/,"social,region_sensitive",dns,1,7.54763599979924,,,,,ok,,ip=2.19.196.88,17,,85.98883532229169,good
2025-12-19 17:50:51.978711+03:00,baseline,2025-12-19T14:50:39.004417+00:00,tiktok,www.tiktok.com,https://www.tiktok.com/,"social,region_sensitive",http,1,347.76080200026627,,,,200.0,ok,,status_class=2xx;bytes=1155;redirects=0,17,,31.373623144672045,bad
2025-12-19 17:51:24.404363+03:00,baseline,2025-12-19T14:51:24.390308+00:00,gateway,127.0.1.1,http://127.0.1.1/,"gateway,wifi_path,baseline",ping,1,2.7188435997231863,2.6886509995165397,0.2792372499698103,0.0,,ok,,samples=3.26;2.49;2.63;2.69;2.53,17,,98.84143170345902,good
2025-12-19 17:51:24.405857+03:00,baseline,2025-12-19T14:51:24.390308+00:00,gateway,127.0.1.1,http://127.0.1.1/,"gateway,wifi_path,baseline",http,0,1.4014100006534136,,,,,http_connection_error,"HTTPConnectionPool(host='127.0.1.1', port=80): Max retries exceeded with url: / (Caused by NewConnectionError(""HTTPConnection(host='127.0.1.1', port=80): Failed to establish a new connection: [Errno 111] Connection refused""))",,17,,0.0,bad
2025-12-19 17:51:24.747721+03:00,baseline,2025-12-19T14:51:24.390308+00:00,google,www.google.com,https://www.google.com/generate_204,"baseline,public_web",ping,1,68.32248340015212,65.09825800003455,32.420035500308586,0.0,,ok,,samples=127.58;44.76;65.10;47.59;56.60,17,,60.01531318407403,ok
2025-12-19 17:51:24.754221+03:00,baseline,2025-12-19T14:51:24.390308+00:00,google,www.google.com,https://www.google.com/generate_204,"baseline,public_web",dns,1,6.396867000148632,,,,,ok,,ip=172.217.169.132,17,,87.99085124820749,good
2025-12-19 17:51:24.968699+03:00,baseline,2025-12-19T14:51:24.390308+00:00,google,www.google.com,https://www.google.com/generate_204,"baseline,public_web",http,1,213.1936109999515,,,,204.0,ok,,status_class=2xx;bytes=0;redirects=0,17,,49.132700740881035,bad
2025-12-19 17:51:25.148783+03:00,baseline,2025-12-19T14:51:24.390308+00:00,cloudflare,1.1.1.1,https://1.1.1.1/,"baseline,public_dns",ping,1,35.99036340001476,41.16559000067355,4.936507750016972,0.0,,ok,,samples=30.23;33.13;41.17;41.80;33.62,17,,84.38038827236906,good
2025-12-19 17:51:25.489481+03:00,baseline,2025-12-19T14:51:24.390308+00:00,cloudflare,1.1.1.1,https://1.1.1.1/,"baseline,public_dns",http,1,338.1283919998168,,,,200.0,ok,,status_class=2xx;bytes=56614;redirects=1,17,,32.39731490263724,bad
2025-12-19 17:51:25.639604+03:00,baseline,2025-12-19T14:51:24.390308+00:00,bocconi_www,www.unibocconi.it,https://www.unibocconi.it/en/,"bocconi,university",ping,1,49.993126333599015,47.42374699981155,12.17884849938855,0.0,,ok,,samples=60.68;41.87;47.42,17,,74.15328944943036,ok
2025-12-19 17:51:25.647430+03:00,baseline,2025-12-19T14:51:24.390308+00:00,bocconi_www,www.unibocconi.it,https://www.unibocconi.it/en/,"bocconi,university",dns,1,7.69334400047228,,,,,ok,,ip=108.157.52.110,17,,85.73861486509637,good
2025-12-19 17:51:25.864622+03:00,baseline,2025-12-19T14:51:24.390308+00:00,bocconi_www,www.unibocconi.it,https://www.unibocconi.it/en/,"bocconi,university",http,1,215.7685040001525,,,,200.0,ok,,status_class=2xx;bytes=227214;redirects=1,17,,48.71280049158654,bad
2025-12-19 17:51:26.119422+03:00,baseline,2025-12-19T14:51:24.390308+00:00,zoom,zoom.us,https://zoom.us/,video_call,ping,1,84.88966399969893,78.65055099955498,12.730163999094655,0.0,,ok,,samples=99.62;76.40;78.65,17,,66.85128586081112,ok
2025-12-19 17:51:26.126935+03:00,baseline,2025-12-19T14:51:24.390308+00:00,zoom,zoom.us,https://zoom.us/,video_call,dns,1,7.413678999910189,,,,,ok,,ip=170.114.52.2,17,,86.2195203310992,good
2025-12-19 17:51:26.786773+03:00,baseline,2025-12-19T14:51:24.390308+00:00,zoom,zoom.us,https://zoom.us/,video_call,http,1,657.3601130003226,,,,200.0,ok,,status_class=2xx;bytes=473628;redirects=1,17,,11.178248696195983,bad
2025-12-19 17:51:26.947156+03:00,baseline,2025-12-19T14:51:24.390308+00:00,teams,teams.microsoft.com,https://teams.microsoft.com/,video_call,ping,1,53.41846233325972,55.87628200009931,7.405501999983244,0.0,,ok,,samples=55.88;48.48;55.90,17,,77.82446175213603,ok
2025-12-19 17:51:26.958466+03:00,baseline,2025-12-19T14:51:24.390308+00:00,teams,teams.microsoft.com,https://teams.microsoft.com/,video_call,dns,1,11.168765000547864,,,,,ok,,ip=52.123.128.14,17,,79.98146225239259,ok
2025-12-19 17:51:27.590562+03:00,baseline,2025-12-19T14:51:24.390308+00:00,teams,teams.microsoft.com,https://teams.microsoft.com/,video_call,http,1,631.9627560005756,,,,200.0,ok,,status_class=2xx;bytes=231138;redirects=3,17,,12.16578697627148,bad
2025-12-19 17:51:27.751741+03:00,baseline,2025-12-19T14:51:24.390308+00:00,meet,meet.google.com,https://meet.google.com/,video_call,ping,1,53.6824273331149,55.07335600032093,14.9829500001033,0.0,,ok,,samples=67.97;55.07;38.00,17,,71.2356754809015,ok
2025-12-19 17:51:27.758375+03:00,baseline,2025-12-19T14:51:24.390308+00:00,meet,meet.google.com,https://meet.google.com/,video_call,dns,1,6.536210000376741,,,,,ok,,ip=172.217.17.142,17,,87.74597444127423,good
2025-12-19 17:51:28.046132+03:00,baseline,2025-12-19T14:51:24.390308+00:00,meet,meet.google.com,https://meet.google.com/,video_call,http,1,286.48571700068715,,,,200.0,ok,,status_class=2xx;bytes=4157;redirects=0,17,,38.48304658944354,bad
2025-12-19 17:51:28.221909+03:00,baseline,2025-12-19T14:51:24.390308+00:00,youtube,www.youtube.com,https://www.youtube.com/,"streaming,video",ping,1,58.53878400012036,63.58191900017118,16.66292549998616,0.0,,ok,,samples=63.58;47.43;64.60,17,,69.08416383548447,ok
2025-12-19 17:51:28.229762+03:00,baseline,2025-12-19T14:51:24.390308+00:00,youtube,www.youtube.com,https://www.youtube.com/,"streaming,video",dns,1,7.745144999717013,,,,,ok,,ip=142.250.187.110,17,,85.64983394396421,good
2025-12-19 17:51:28.706254+03:00,baseline,2025-12-19T14:51:24.390308+00:00,youtube,www.youtube.com,https://www.youtube.com/,"streaming,video",http,1,475.1323689997662,,,,200.0,ok,,status_class=2xx;bytes=687322;redirects=0,17,,20.519909760481337,bad
2025-12-19 17:51:28.745435+03:00,baseline,2025-12-19T14:51:24.390308+00:00,netflix,www.netflix.com,https://www.netflix.com/,"streaming,video",dns,1,39.05427500012593,,,,,ok,,ip=54.155.178.5,17,,45.790868155335474,bad
2025-12-19 17:51:30.158157+03:00,baseline,2025-12-19T14:51:24.390308+00:00,netflix,www.netflix.com,https://www.netflix.com/,"streaming,video",http,1,1411.158093999802,,,,200.0,ok,,status_class=2xx;bytes=3070284;redirects=1,17,,0.9060234164112899,bad
2025-12-19 17:51:30.361091+03:00,baseline,2025-12-19T14:51:24.390308+00:00,spotify,open.spotify.com,https://open.spotify.com/,"streaming,audio",ping,1,67.60633733332118,65.33661800040136,9.18973499983622,0.0,,ok,,samples=77.93;65.34;59.55,17,,73.17272997129052,ok
2025-12-19 17:51:30.368768+03:00,baseline,2025-12-19T14:51:24.390308+00:00,spotify,open.spotify.com,https://open.spotify.com/,"streaming,audio",dns,1,7.558588999927451,,,,,ok,,ip=146.75.3.42,17,,85.97000067084022,good
2025-12-19 17:51:30.714676+03:00,baseline,2025-12-19T14:51:24.390308+00:00,spotify,open.spotify.com,https://open.spotify.com/,"streaming,audio",http,1,344.3297120002171,,,,200.0,ok,,status_class=2xx;bytes=160727;redirects=0,17,,31.734501972661455,bad
2025-12-19 17:51:31.016615+03:00,baseline,2025-12-19T14:51:24.390308+00:00,github,github.com,https://github.com/,dev,ping,1,100.5974930000472,80.99268300065887,34.39692899974034,0.0,,ok,,samples=144.80;80.99;76.00,17,,53.63248496804694,ok
2025-12-19 17:51:31.022613+03:00,baseline,2025-12-19T14:51:24.390308+00:00,github,github.com,https://github.com/,dev,dns,1,5.891261000215309,,,,,ok,,ip=140.82.121.4,17,,88.88513924816218,good
2025-12-19 17:51:31.369922+03:00,baseline,2025-12-19T14:51:24.390308+00:00,github,github.com,https://github.com/,dev,http,1,345.91979600008926,,,,200.0,ok,,status_class=2xx;bytes=562393;redirects=0,17,,31.566745198229434,bad
2025-12-19 17:51:31.500833+03:00,baseline,2025-12-19T14:51:24.390308+00:00,stack_overflow,stackoverflow.com,https://stackoverflow.com/,dev,ping,1,43.59287799949622,44.77967999991961,7.321627499550232,0.0,,ok,,samples=37.52;48.47;44.78,17,,80.03186533162743,good
2025-12-19 17:51:31.507130+03:00,baseline,2025-12-19T14:51:24.390308+00:00,stack_overflow,stackoverflow.com,https://stackoverflow.com/,dev,dns,1,6.212582999978622,,,,,ok,,ip=198.252.206.1,17,,88.31575574834652,good
2025-12-19 17:51:32.238302+03:00,baseline,2025-12-19T14:51:24.390308+00:00,stack_overflow,stackoverflow.com,https://stackoverflow.com/,dev,http,1,729.5906559993455,,,,200.0,ok,,status_class=2xx;bytes=418216;redirects=1,17,,8.786367149161048,bad
2025-12-19 17:51:32.377257+03:00,baseline,2025-12-19T14:51:24.390308+00:00,x_com,x.com,https://x.com/,"social,flaky_candidate",ping,1,46.27804533295906,43.905860999984725,5.952966500444745,0.0,,ok,,samples=43.91;42.31;52.62,17,,80.91551138250409,good
2025-12-19 17:51:32.383391+03:00,baseline,2025-12-19T14:51:24.390308+00:00,x_com,x.com,https://x.com/,"social,flaky_candidate",dns,1,6.022988999575318,,,,,ok,,ip=162.159.140.229,17,,88.65127421783748,good
2025-12-19 17:51:32.835874+03:00,baseline,2025-12-19T14:51:24.390308+00:00,x_com,x.com,https://x.com/,"social,flaky_candidate",http,1,451.02777699958096,,,,200.0,ok,,status_class=2xx;bytes=228716;redirects=0,17,,22.23670412665005,bad
2025-12-19 17:51:32.966256+03:00,baseline,2025-12-19T14:51:24.390308+00:00,discord,discord.com,https://discord.com/,"social,region_sensitive,firewall_test",ping,1,43.41864466672026,42.70000300039101,9.351306500320788,0.0,,ok,,samples=42.70;49.65;37.90,17,,78.06279538719384,ok
2025-12-19 17:51:32.973038+03:00,baseline,2025-12-19T14:51:24.390308+00:00,discord,discord.com,https://discord.com/,"social,region_sensitive,firewall_test",dns,1,6.555572000252141,,,,,ok,,ip=162.159.128.233,17,,87.71200226846683,good
2025-12-19 17:51:33.059177+03:00,baseline,2025-12-19T14:51:24.390308+00:00,discord,discord.com,https://discord.com/,"social,region_sensitive,firewall_test",http,0,86.06834199963487,,,,,http_connection_reset,"('Connection aborted.', ConnectionResetError(104, 'Connection reset by peer'))",,17,,0.0,bad
2025-12-19 17:51:33.167278+03:00,baseline,2025-12-19T14:51:24.390308+00:00,instagram,www.instagram.com,https://www.instagram.com/,social,ping,1,35.990507666914105,37.85524400063878,5.946511500496854,0.0,,ok,,samples=41.00;37.86;29.11,17,,83.2261061166819,good
2025-12-19 17:51:33.174450+03:00,baseline,2025-12-19T14:51:24.390308+00:00,instagram,www.instagram.com,https://www.instagram.com/,social,dns,1,7.0837040002516005,,,,,ok,,ip=57.144.126.34,17,,86.79040776875007,good
2025-12-19 17:51:33.688227+03:00,baseline,2025-12-19T14:51:24.390308+00:00,instagram,www.instagram.com,https://www.instagram.com/,social,http,1,512.5305669998852,,,,200.0,ok,,status_class=2xx;bytes=772324;redirects=0,17,,18.114902873211616,bad
2025-12-19 17:51:33.874656+03:00,baseline,2025-12-19T14:51:24.390308+00:00,tiktok,www.tiktok.com,https://www.tiktok.com/,"social,region_sensitive",ping,1,62.09766966640018,44.30351199971483,27.24937850007336,0.0,,ok,,samples=98.24;44.30;43.75,17,,63.00072410435537,ok
2025-12-19 17:51:33.888053+03:00,baseline,2025-12-19T14:51:24.390308+00:00,tiktok,www.tiktok.com,https://www.tiktok.com/,"social,region_sensitive",dns,1,13.277710999318517,,,,,ok,,ip=2.19.196.104,17,,76.6780866910363,ok
2025-12-19 17:51:34.813444+03:00,baseline,2025-12-19T14:51:24.390308+00:00,tiktok,www.tiktok.com,https://www.tiktok.com/,"social,region_sensitive",http,1,923.3618500002194,,,,200.0,ok,,status_class=2xx;bytes=268227;redirects=1,17,,4.605712370064144,bad
2025-12-19 17:52:07.248844+03:00,baseline,2025-12-19T14:52:07.234265+00:00,gateway,127.0.1.1,http://127.0.1.1/,"gateway,wifi_path,baseline",ping,1,2.831538200371142,2.7373110006010393,0.3495439996186178,0.0,,ok,,samples=3.69;2.54;2.61;2.58;2.74,17,,98.70705239201594,good
2025-12-19 17:52:07.250241+03:00,baseline,2025-12-19T14:52:07.234265+00:00,gateway,127.0.1.1,http://127.0.1.1/,"gateway,wifi_path,baseline",http,0,1.3207840001996374,,,,,http_connection_error,"HTTPConnectionPool(host='127.0.1.1', port=80): Max retries exceeded with url: / (Caused by NewConnectionError(""HTTPConnection(host='127.0.1.1', port=80): Failed to establish a new connection: [Errno 111] Connection refused""))",,17,,0.0,bad
2025-12-19 17:52:07.519178+03:00,baseline,2025-12-19T14:52:07.234265+00:00,google,www.google.com,https://www.google.com/generate_204,"baseline,public_web",ping,1,53.763293200063345,52.02014299993607,11.479424250183,0.0,,ok,,samples=79.08;44.26;44.78;52.02;48.68,17,,73.93411542599415,ok
2025-12-19 17:52:07.525274+03:00,baseline,2025-12-19T14:52:07.234265+00:00,google,www.google.com,https://www.google.com/generate_204,"baseline,public_web",dns,1,5.9696669995901175,,,,,ok,,ip=172.217.169.132,17,,88.74586591190634,good
2025-12-19 17:52:07.733885+03:00,baseline,2025-12-19T14:52:07.234265+00:00,google,www.google.com,https://www.google.com/generate_204,"baseline,public_web",http,1,207.12932599963096,,,,204.0,ok,,status_class=2xx;bytes=0;redirects=0,17,,50.13598929096561,ok
2025-12-19 17:52:07.881983+03:00,baseline,2025-12-19T14:52:07.234265+00:00,cloudflare,1.1.1.1,https://1.1.1.1/,"baseline,public_dns",ping,1,29.589772999679553,29.519772999265115,4.565920749655561,0.0,,ok,,samples=37.38;25.94;28.84;29.52;26.27,17,,86.31279526960044,good
2025-12-19 17:52:08.237801+03:00,baseline,2025-12-19T14:52:07.234265+00:00,cloudflare,1.1.1.1,https://1.1.1.1/,"baseline,public_dns",http,1,353.0241999997088,,,,200.0,ok,,status_class=2xx;bytes=56614;redirects=1,17,,30.827984115568256,bad
2025-12-19 17:52:08.509813+03:00,baseline,2025-12-19T14:52:07.234265+00:00,bocconi_www,www.unibocconi.it,https://www.unibocconi.it/en/,"bocconi,university",ping,1,90.6322696667606,58.223297000040475,68.04245800049102,0.0,,ok,,samples=168.40;45.27;58.22,17,,50.9579312509567,ok
2025-12-19 17:52:08.516359+03:00,baseline,2025-12-19T14:52:07.234265+00:00,bocconi_www,www.unibocconi.it,https://www.unibocconi.it/en/,"bocconi,university",dns,1,6.444778000513907,,,,,ok,,ip=108.157.52.71,17,,87.90657703714746,good
2025-12-19 17:52:08.921051+03:00,baseline,2025-12-19T14:52:07.234265+00:00,bocconi_www,www.unibocconi.it,https://www.unibocconi.it/en/,"bocconi,university",http,1,403.27322900066065,,,,200.0,ok,,status_class=2xx;bytes=227214;redirects=1,17,,26.07367251466694,bad
2025-12-19 17:52:09.205866+03:00,baseline,2025-12-19T14:52:07.234265+00:00,zoom,zoom.us,https://zoom.us/,video_call,ping,1,94.89685466693724,83.09079100035888,25.82169849983984,0.0,,ok,,samples=126.62;83.09;74.98,17,,57.47049131038733,ok
2025-12-19 17:52:09.211791+03:00,baseline,2025-12-19T14:52:07.234265+00:00,zoom,zoom.us,https://zoom.us/,video_call,dns,1,5.838901000061014,,,,,ok,,ip=170.114.52.2,17,,88.97826852023346,good
2025-12-19 17:52:09.943761+03:00,baseline,2025-12-19T14:52:07.234265+00:00,zoom,zoom.us,https://zoom.us/,video_call,http,1,728.0541440004527,,,,200.0,ok,,status_class=2xx;bytes=473628;redirects=1,17,,8.831483782789329,bad
2025-12-19 17:52:10.126187+03:00,baseline,2025-12-19T14:52:07.234265+00:00,teams,teams.microsoft.com,https://teams.microsoft.com/,video_call,ping,1,60.76593066639665,52.15712599965627,24.14110749941756,0.0,,ok,,samples=85.47;44.67;52.16,17,,64.56156089170864,ok
2025-12-19 17:52:10.135276+03:00,baseline,2025-12-19T14:52:07.234265+00:00,teams,teams.microsoft.com,https://teams.microsoft.com/,video_call,dns,1,8.8734500004648,,,,,ok,,ip=52.123.128.14,17,,83.7386957921305,good
2025-12-19 17:52:10.774899+03:00,baseline,2025-12-19T14:52:07.234265+00:00,teams,teams.microsoft.com,https://teams.microsoft.com/,video_call,http,1,639.4937000004575,,,,200.0,ok,,status_class=2xx;bytes=231138;redirects=3,17,,11.864188810943777,bad
2025-12-19 17:52:11.007780+03:00,baseline,2025-12-19T14:52:07.234265+00:00,meet,meet.google.com,https://meet.google.com/,video_call,ping,1,77.57712933350074,56.999980000000505,44.49018199920829,0.0,,ok,,samples=127.81;47.92;57.00,17,,55.56056041141963,ok
2025-12-19 17:52:11.013853+03:00,baseline,2025-12-19T14:52:07.234265+00:00,meet,meet.google.com,https://meet.google.com/,video_call,dns,1,5.973489000098198,,,,,ok,,ip=172.217.17.142,17,,88.73908243628199,good
2025-12-19 17:52:11.352840+03:00,baseline,2025-12-19T14:52:07.234265+00:00,meet,meet.google.com,https://meet.google.com/,video_call,http,1,337.69234899955336,,,,200.0,ok,,status_class=2xx;bytes=4157;redirects=0,17,,32.44443788171865,bad
2025-12-19 17:52:11.521463+03:00,baseline,2025-12-19T14:52:07.234265+00:00,youtube,www.youtube.com,https://www.youtube.com/,"streaming,video",ping,1,56.16562333367862,58.78023000059329,5.250666999927489,0.0,,ok,,samples=58.78;59.67;50.05,17,,79.60671822113588,ok
2025-12-19 17:52:11.528405+03:00,baseline,2025-12-19T14:52:07.234265+00:00,youtube,www.youtube.com,https://www.youtube.com/,"streaming,video",dns,1,6.838236000476172,,,,,ok,,ip=142.250.187.110,17,,87.21754074151883,good
2025-12-19 17:52:12.039372+03:00,baseline,2025-12-19T14:52:07.234265+00:00,youtube,www.youtube.com,https://www.youtube.com/,"streaming,video",http,1,509.4859010005166,,,,200.0,ok,,status_class=2xx;bytes=689124;redirects=0,17,,18.299685050053828,bad
2025-12-19 17:52:12.078570+03:00,baseline,2025-12-19T14:52:07.234265+00:00,netflix,www.netflix.com,https://www.netflix.com/,"streaming,video",dns,1,39.074922000509105,,,,,ok,,ip=52.214.181.141,17,,45.77196317746798,bad
2025-12-19 17:52:13.189936+03:00,baseline,2025-12-19T14:52:07.234265+00:00,netflix,www.netflix.com,https://www.netflix.com/,"streaming,video",http,1,1109.877738999785,,,,200.0,ok,,status_class=2xx;bytes=3070472;redirects=1,17,,2.4733604267319502,bad
2025-12-19 17:52:13.383891+03:00,baseline,2025-12-19T14:52:07.234265+00:00,spotify,open.spotify.com,https://open.spotify.com/,"streaming,audio",ping,1,64.60783700003958,56.03673299992806,17.363589000069624,0.0,,ok,,samples=86.26;56.04;51.53,17,,67.40845071637557,ok
2025-12-19 17:52:13.390109+03:00,baseline,2025-12-19T14:52:07.234265+00:00,spotify,open.spotify.com,https://open.spotify.com/,"streaming,audio",dns,1,6.117568000263418,,,,,ok,,ip=146.75.3.42,17,,88.48374173982965,good
2025-12-19 17:52:13.698816+03:00,baseline,2025-12-19T14:52:07.234265+00:00,spotify,open.spotify.com,https://open.spotify.com/,"streaming,audio",http,1,307.1934850004254,,,,200.0,ok,,status_class=2xx;bytes=160727;redirects=0,17,,35.91632410725881,bad
2025-12-19 17:52:13.939446+03:00,baseline,2025-12-19T14:52:07.234265+00:00,github,github.com,https://github.com/,dev,ping,1,80.16817033361197,81.91781900040951,5.496433000189427,0.0,,ok,,samples=81.92;83.83;74.75,17,,74.62784352611554,ok
2025-12-19 17:52:13.945744+03:00,baseline,2025-12-19T14:52:07.234265+00:00,github,github.com,https://github.com/,dev,dns,1,6.197316999532632,,,,,ok,,ip=140.82.121.4,17,,88.34272443250931,good
2025-12-19 17:52:14.294688+03:00,baseline,2025-12-19T14:52:07.234265+00:00,github,github.com,https://github.com/,dev,http,1,347.5384450002821,,,,200.0,ok,,status_class=2xx;bytes=562393;redirects=0,17,,31.39688558028636,bad
2025-12-19 17:52:14.446863+03:00,baseline,2025-12-19T14:52:07.234265+00:00,stack_overflow,stackoverflow.com,https://stackoverflow.com/,dev,ping,1,50.68365266682425,48.08380900067277,10.592056500172475,0.0,,ok,,samples=62.58;48.08;41.39,17,,75.3530388513818,ok
2025-12-19 17:52:14.453292+03:00,baseline,2025-12-19T14:52:07.234265+00:00,stack_overflow,stackoverflow.com,https://stackoverflow.com/,dev,dns,1,6.311733000075037,,,,,ok,,ip=198.252.206.1,17,,88.14079913134483,good
2025-12-19 17:52:15.086141+03:00,baseline,2025-12-19T14:52:07.234265+00:00,stack_overflow,stackoverflow.com,https://stackoverflow.com/,dev,http,1,631.0811690000264,,,,200.0,ok,,status_class=2xx;bytes=418620;redirects=1,17,,12.201590222132538,bad
2025-12-19 17:52:15.217386+03:00,baseline,2025-12-19T14:52:07.234265+00:00,x_com,x.com,https://x.com/,"social,flaky_candidate",ping,1,43.702211333463005,42.97890900033963,5.383982500006823,0.0,,ok,,samples=49.45;42.98;38.68,17,,82.12403593760372,good
2025-12-19 17:52:15.223552+03:00,baseline,2025-12-19T14:52:07.234265+00:00,x_com,x.com,https://x.com/,"social,flaky_candidate",dns,1,6.063466999876255,,,,,ok,,ip=162.159.140.229,17,,88.57953473437455,good
2025-12-19 17:52:15.760659+03:00,baseline,2025-12-19T14:52:07.234265+00:00,x_com,x.com,https://x.com/,"social,flaky_candidate",http,1,535.6252680003308,,,,200.0,ok,,status_class=2xx;bytes=228716;redirects=0,17,,16.77270102854157,bad
2025-12-19 17:52:15.900484+03:00,baseline,2025-12-19T14:52:07.234265+00:00,discord,discord.com,https://discord.com/,"social,region_sensitive,firewall_test",ping,1,46.566198666975346,38.04920299990045,13.7784974999704,0.0,,ok,,samples=64.60;38.05;37.05,17,,73.6392790047444,ok
2025-12-19 17:52:15.906223+03:00,baseline,2025-12-19T14:52:07.234265+00:00,discord,discord.com,https://discord.com/,"social,region_sensitive,firewall_test",dns,1,5.450370000289695,,,,,ok,,ip=162.159.128.233,17,,89.67237817125029,good
2025-12-19 17:52:15.999897+03:00,baseline,2025-12-19T14:52:07.234265+00:00,discord,discord.com,https://discord.com/,"social,region_sensitive,firewall_test",http,0,93.55013500044151,,,,,http_connection_reset,"('Connection aborted.', ConnectionResetError(104, 'Connection reset by peer'))",,17,,0.0,bad
2025-12-19 17:52:16.157625+03:00,baseline,2025-12-19T14:52:07.234265+00:00,instagram,www.instagram.com,https://www.instagram.com/,social,ping,1,52.52955433297757,42.754561999572616,18.340972500482167,0.0,,ok,,samples=75.76;42.75;39.08,17,,69.28660820026792,ok
2025-12-19 17:52:16.167764+03:00,baseline,2025-12-19T14:52:07.234265+00:00,instagram,www.instagram.com,https://www.instagram.com/,social,dns,1,10.023075999924911,,,,,ok,,ip=57.144.126.34,17,,81.83529796437537,good
2025-12-19 17:52:16.719671+03:00,baseline,2025-12-19T14:52:07.234265+00:00,instagram,www.instagram.com,https://www.instagram.com/,social,http,1,550.2745199992205,,,,200.0,ok,,status_class=2xx;bytes=772320;redirects=0,17,,15.973351237079678,bad
2025-12-19 17:52:16.871347+03:00,baseline,2025-12-19T14:52:07.234265+00:00,tiktok,www.tiktok.com,https://www.tiktok.com/,"social,region_sensitive",ping,1,50.50314233327905,43.43100799997046,20.19620750024842,0.0,,ok,,samples=71.04;37.04;43.43,17,,68.65506193181426,ok
2025-12-19 17:52:16.879247+03:00,baseline,2025-12-19T14:52:07.234265+00:00,tiktok,www.tiktok.com,https://www.tiktok.com/,"social,region_sensitive",dns,1,7.78033200003847,,,,,ok,,ip=2.19.196.113,17,,85.58957993333948,good
2025-12-19 17:52:17.954294+03:00,baseline,2025-12-19T14:52:07.234265+00:00,tiktok,www.tiktok.com,https://www.tiktok.com/,"social,region_sensitive",http,1,1073.4499359996337,,,,200.0,ok,,status_class=2xx;bytes=268055;redirects=1,17,,2.792685653511237,bad
2025-12-19 17:55:13.253876+03:00,baseline,2025-12-19T14:55:13.237353+00:00,gateway,127.0.1.1,http://127.0.1.1/,"gateway,wifi_path,baseline",ping,1,3.26214999986405,3.403592999347893,0.6470367497968255,0.0,,ok,,samples=4.23;2.87;3.40;3.09;2.72,17,,98.15516180293906,good
2025-12-19 17:55:13.255517+03:00,baseline,2025-12-19T14:55:13.237353+00:00,gateway,127.0.1.1,http://127.0.1.1/,"gateway,wifi_path,baseline",http,0,1.5169520002018544,,,,,http_connection_error,"HTTPConnectionPool(host='127.0.1.1', port=80): Max retries exceeded with url: / (Caused by NewConnectionError(""HTTPConnection(host='127.0.1.1', port=80): Failed to establish a new connection: [Errno 111] Connection refused""))",,17,,0.0,bad
2025-12-19 17:55:13.482778+03:00,baseline,2025-12-19T14:55:13.237353+00:00,google,www.google.com,https://www.google.com/generate_204,"baseline,public_web",ping,1,45.42201580006804,46.81154300033086,5.954154750497764,0.0,,ok,,samples=43.74;53.31;46.81;40.77;42.48,17,,81.10136800654794,good
2025-12-19 17:55:13.489645+03:00,baseline,2025-12-19T14:55:13.237353+00:00,google,www.google.com,https://www.google.com/generate_204,"baseline,public_web",dns,1,6.7730640002992,,,,,ok,,ip=142.250.187.164,17,,87.33129769470771,good
2025-12-19 17:55:13.711138+03:00,baseline,2025-12-19T14:55:13.237353+00:00,google,www.google.com,https://www.google.com/generate_204,"baseline,public_web",http,1,219.34873400005017,,,,204.0,ok,,status_class=2xx;bytes=0;redirects=0,17,,48.134912206236116,bad
2025-12-19 17:55:13.873060+03:00,baseline,2025-12-19T14:55:13.237353+00:00,cloudflare,1.1.1.1,https://1.1.1.1/,"baseline,public_dns",ping,1,32.34541120000358,36.501397999927576,3.614760500340708,0.0,,ok,,samples=29.68;29.62;27.64;38.29;36.50,17,,86.82665440313812,good
2025-12-19 17:55:14.249874+03:00,baseline,2025-12-19T14:55:13.237353+00:00,cloudflare,1.1.1.1,https://1.1.1.1/,"baseline,public_dns",http,1,373.1808190004813,,,,200.0,ok,,status_class=2xx;bytes=56614;redirects=1,17,,28.824742204708542,bad
2025-12-19 17:55:14.438657+03:00,baseline,2025-12-19T14:55:13.237353+00:00,bocconi_www,www.unibocconi.it,https://www.unibocconi.it/en/,"bocconi,university",ping,1,62.866559000212874,41.81185500056017,36.43568500001493,0.0,,ok,,samples=109.83;41.81;36.96,17,,60.0172849812991,ok
2025-12-19 17:55:14.446980+03:00,baseline,2025-12-19T14:55:13.237353+00:00,bocconi_www,www.unibocconi.it,https://www.unibocconi.it/en/,"bocconi,university",dns,1,8.215623000069172,,,,,ok,,ip=108.157.52.110,17,,84.84768653744342,good
2025-12-19 17:55:14.968464+03:00,baseline,2025-12-19T14:55:13.237353+00:00,bocconi_www,www.unibocconi.it,https://www.unibocconi.it/en/,"bocconi,university",http,1,519.6853319994261,,,,200.0,ok,,status_class=2xx;bytes=227214;redirects=1,17,,17.687987661472093,bad
2025-12-19 17:55:15.277395+03:00,baseline,2025-12-19T14:55:13.237353+00:00,zoom,zoom.us,https://zoom.us/,video_call,ping,1,102.93482233343336,83.47017000050982,39.23906450108916,0.0,,ok,,samples=148.56;76.78;83.47,17,,52.09075080253018,ok
2025-12-19 17:55:15.283786+03:00,baseline,2025-12-19T14:55:13.237353+00:00,zoom,zoom.us,https://zoom.us/,video_call,dns,1,6.2905189997763955,,,,,ok,,ip=170.114.52.2,17,,88.17820344451674,good
2025-12-19 17:55:16.024732+03:00,baseline,2025-12-19T14:55:13.237353+00:00,zoom,zoom.us,https://zoom.us/,video_call,http,1,737.9546319998553,,,,200.0,ok,,status_class=2xx;bytes=473628;redirects=1,17,,8.544787198719082,bad
2025-12-19 17:55:16.223112+03:00,baseline,2025-12-19T14:55:13.237353+00:00,teams,teams.microsoft.com,https://teams.microsoft.com/,video_call,ping,1,66.08024866636697,59.814724999341706,16.889504499886243,0.0,,ok,,samples=86.10;59.81;52.32,17,,67.41842818682753,ok
2025-12-19 17:55:16.232435+03:00,baseline,2025-12-19T14:55:13.237353+00:00,teams,teams.microsoft.com,https://teams.microsoft.com/,video_call,dns,1,9.237119000317762,,,,,ok,,ip=52.123.128.14,17,,83.13184205142082,good
2025-12-19 17:55:17.097514+03:00,baseline,2025-12-19T14:55:13.237353+00:00,teams,teams.microsoft.com,https://teams.microsoft.com/,video_call,http,1,864.9743309997575,,,,200.0,ok,,status_class=2xx;bytes=231138;redirects=3,17,,5.595274577026209,bad
2025-12-19 17:55:17.282250+03:00,baseline,2025-12-19T14:55:13.237353+00:00,meet,meet.google.com,https://meet.google.com/,video_call,ping,1,61.534124333168926,56.70824299977539,7.562557000255765,0.0,,ok,,samples=71.51;56.71;56.38,17,,75.98794525454686,ok
2025-12-19 17:55:17.288850+03:00,baseline,2025-12-19T14:55:13.237353+00:00,meet,meet.google.com,https://meet.google.com/,video_call,dns,1,6.494844999906491,,,,,ok,,ip=172.217.18.174,17,,87.81859672281979,good
2025-12-19 17:55:17.573812+03:00,baseline,2025-12-19T14:55:13.237353+00:00,meet,meet.google.com,https://meet.google.com/,video_call,http,1,283.5407259999556,,,,200.0,ok,,status_class=2xx;bytes=4157;redirects=0,17,,38.86268099357816,bad
2025-12-19 17:55:17.739904+03:00,baseline,2025-12-19T14:55:13.237353+00:00,youtube,www.youtube.com,https://www.youtube.com/,"streaming,video",ping,1,55.325522999737586,45.3044959995168,21.565276499586616,0.0,,ok,,samples=79.72;40.95;45.30,17,,66.91409513006423,ok
2025-12-19 17:55:17.748681+03:00,baseline,2025-12-19T14:55:13.237353+00:00,youtube,www.youtube.com,https://www.youtube.com/,"streaming,video",dns,1,8.67742399987037,,,,,ok,,ip=172.217.17.142,17,,84.06763941845296,good
2025-12-19 17:55:18.224461+03:00,baseline,2025-12-19T14:55:13.237353+00:00,youtube,www.youtube.com,https://www.youtube.com/,"streaming,video",http,1,474.2500819993438,,,,200.0,ok,,status_class=2xx;bytes=690429;redirects=0,17,,20.580346753647643,bad
2025-12-19 17:55:18.253868+03:00,baseline,2025-12-19T14:55:13.237353+00:00,netflix,www.netflix.com,https://www.netflix.com/,"streaming,video",dns,1,29.315101000065624,,,,,ok,,ip=3.251.50.149,17,,55.63809708509175,ok
2025-12-19 17:55:19.464107+03:00,baseline,2025-12-19T14:55:13.237353+00:00,netflix,www.netflix.com,https://www.netflix.com/,"streaming,video",http,1,1208.6448919999384,,,,200.0,ok,,status_class=2xx;bytes=3070470;redirects=1,17,,1.7795381766520961,bad
2025-12-19 17:55:19.652915+03:00,baseline,2025-12-19T14:55:13.237353+00:00,spotify,open.spotify.com,https://open.spotify.com/,"streaming,audio",ping,1,62.85541999992953,61.0992609999812,21.5783414996622,0.0,,ok,,samples=85.31;61.10;42.16,17,,65.36631905594042,ok
2025-12-19 17:55:19.659693+03:00,baseline,2025-12-19T14:55:13.237353+00:00,spotify,open.spotify.com,https://open.spotify.com/,"streaming,audio",dns,1,6.669579999652342,,,,,ok,,ip=146.75.3.42,17,,87.51223271025559,good
2025-12-19 17:55:19.963817+03:00,baseline,2025-12-19T14:55:13.237353+00:00,spotify,open.spotify.com,https://open.spotify.com/,"streaming,audio",http,1,302.4504180002623,,,,200.0,ok,,status_class=2xx;bytes=160727;redirects=0,17,,36.48868184222205,bad
2025-12-19 17:55:20.220724+03:00,baseline,2025-12-19T14:55:13.237353+00:00,github,github.com,https://github.com/,dev,ping,1,85.59453466629445,75.8855300000505,14.840994000223873,0.0,,ok,,samples=105.29;75.89;75.61,17,,65.13471677863754,ok
2025-12-19 17:55:20.227043+03:00,baseline,2025-12-19T14:55:13.237353+00:00,github,github.com,https://github.com/,dev,dns,1,6.191432999912649,,,,,ok,,ip=140.82.121.4,17,,88.35312121538375,good
2025-12-19 17:55:20.599827+03:00,baseline,2025-12-19T14:55:13.237353+00:00,github,github.com,https://github.com/,dev,http,1,371.3858259998233,,,,200.0,ok,,status_class=2xx;bytes=562393;redirects=0,17,,28.997726566514043,bad
2025-12-19 17:55:20.869496+03:00,baseline,2025-12-19T14:55:13.237353+00:00,stack_overflow,stackoverflow.com,https://stackoverflow.com/,dev,ping,1,89.85162033362333,51.255286000014166,71.03545049994864,0.0,,ok,,samples=180.19;51.26;38.11,17,,50.95578912066577,ok
2025-12-19 17:55:20.875941+03:00,baseline,2025-12-19T14:55:13.237353+00:00,stack_overflow,stackoverflow.com,https://stackoverflow.com/,dev,dns,1,6.36977699923591,,,,,ok,,ip=198.252.206.1,17,,88.03853761008934,good
2025-12-19 17:55:23.186182+03:00,baseline,2025-12-19T14:55:13.237353+00:00,stack_overflow,stackoverflow.com,https://stackoverflow.com/,dev,http,1,630.3321240002333,,,,200.0,ok,,status_class=2xx;bytes=417296;redirects=1,17,,12.232093420551019,bad
2025-12-19 17:55:23.331027+03:00,baseline,2025-12-19T14:55:13.237353+00:00,x_com,x.com,https://x.com/,"social,flaky_candidate",ping,1,48.2394316668433,48.53399400053604,11.066385499816532,0.0,,ok,,samples=59.16;48.53;37.03,17,,75.46390675653433,ok
2025-12-19 17:55:23.337000+03:00,baseline,2025-12-19T14:55:13.237353+00:00,x_com,x.com,https://x.com/,"social,flaky_candidate",dns,1,5.884313000024122,,,,,ok,,ip=162.159.140.229,17,,88.89749158567251,good
2025-12-19 17:55:23.918870+03:00,baseline,2025-12-19T14:55:13.237353+00:00,x_com,x.com,https://x.com/,"social,flaky_candidate",http,1,580.2642290000222,,,,200.0,ok,,status_class=2xx;bytes=228806;redirects=0,17,,14.453781695089548,bad
2025-12-19 17:55:24.088566+03:00,baseline,2025-12-19T14:55:13.237353+00:00,discord,discord.com,https://discord.com/,"social,region_sensitive,firewall_test",ping,1,56.51305699969574,48.29272999995737,20.11160350002683,0.0,,ok,,samples=80.73;48.29;40.51,17,,67.43657819190656,ok
2025-12-19 17:55:24.104478+03:00,baseline,2025-12-19T14:55:13.237353+00:00,discord,discord.com,https://discord.com/,"social,region_sensitive,firewall_test",dns,1,6.835956999566406,,,,,ok,,ip=162.159.128.233,17,,87.22151620921304,good
2025-12-19 17:55:24.208474+03:00,baseline,2025-12-19T14:55:13.237353+00:00,discord,discord.com,https://discord.com/,"social,region_sensitive,firewall_test",http,0,103.87430199989468,,,,,http_connection_reset,"('Connection aborted.', ConnectionResetError(104, 'Connection reset by peer'))",,17,,0.0,bad
2025-12-19 17:55:24.340609+03:00,baseline,2025-12-19T14:55:13.237353+00:00,instagram,www.instagram.com,https://www.instagram.com/,social,ping,1,44.00274066665588,37.816044999999576,9.40727050010537,0.0,,ok,,samples=56.50;37.82;37.69,17,,77.88118221569974,ok
2025-12-19 17:55:24.346994+03:00,baseline,2025-12-19T14:55:13.237353+00:00,instagram,www.instagram.com,https://www.instagram.com/,social,dns,1,6.2983350007925765,,,,,ok,,ip=57.144.126.34,17,,88.16442050326508,good
2025-12-19 17:55:24.878346+03:00,baseline,2025-12-19T14:55:13.237353+00:00,instagram,www.instagram.com,https://www.instagram.com/,social,http,1,529.9817060003988,,,,200.0,ok,,status_class=2xx;bytes=772336;redirects=0,17,,17.091213470550485,bad
2025-12-19 17:55:25.058827+03:00,baseline,2025-12-19T14:55:13.237353+00:00,tiktok,www.tiktok.com,https://www.tiktok.com/,"social,region_sensitive",ping,1,60.10913900020872,54.1668550004033,15.31551300013234,0.0,,ok,,samples=78.40;54.17;47.76,17,,69.67196789854032,ok
2025-12-19 17:55:25.068499+03:00,baseline,2025-12-19T14:55:13.237353+00:00,tiktok,www.tiktok.com,https://www.tiktok.com/,"social,region_sensitive",dns,1,9.57010000001901,,,,,ok,,ip=2.19.196.88,17,,82.58005495946644,good
2025-12-19 17:55:26.114554+03:00,baseline,2025-12-19T14:55:13.237353+00:00,tiktok,www.tiktok.com,https://www.tiktok.com/,"social,region_sensitive",http,1,1044.6107230000052,,,,200.0,ok,,status_class=2xx;bytes=268218;redirects=1,17,,3.074475884464768,bad
